--
-- PostgreSQL database dump
--

-- Dumped from database version 15.2 (Debian 15.2-1.pgdg110+1)
-- Dumped by pg_dump version 15.2

-- Started on 2023-03-16 18:12:20 MSK

SET statement_timeout = 0;
SET lock_timeout = 0;
SET idle_in_transaction_session_timeout = 0;
SET client_encoding = 'UTF8';
SET standard_conforming_strings = on;
SELECT pg_catalog.set_config('search_path', '', false);
SET check_function_bodies = false;
SET xmloption = content;
SET client_min_messages = warning;
SET row_security = off;

--
-- TOC entry 6 (class 2615 OID 16841)
-- Name: content; Type: SCHEMA; Schema: -; Owner: graduate
--

CREATE SCHEMA content;


ALTER SCHEMA content OWNER TO graduate;

--
-- TOC entry 5 (class 2615 OID 16840)
-- Name: public; Type: SCHEMA; Schema: -; Owner: graduate
--

-- *not* creating schema, since initdb creates it


ALTER SCHEMA public OWNER TO graduate;

--
-- TOC entry 3505 (class 0 OID 0)
-- Dependencies: 5
-- Name: SCHEMA public; Type: COMMENT; Schema: -; Owner: graduate
--

COMMENT ON SCHEMA public IS '';


SET default_tablespace = '';

SET default_table_access_method = heap;

--
-- TOC entry 233 (class 1259 OID 16979)
-- Name: bulk_creation; Type: TABLE; Schema: content; Owner: graduate
--

CREATE TABLE content.bulk_creation (
    id uuid NOT NULL,
    created timestamp with time zone NOT NULL,
    modified timestamp with time zone NOT NULL,
    creation_done boolean NOT NULL,
    url_download character varying(200),
    title character varying(255) NOT NULL,
    description text,
    quantity integer NOT NULL,
    start_at timestamp with time zone,
    expired timestamp with time zone,
    discount_type character varying(30) NOT NULL,
    discount_amount numeric(9,2) NOT NULL,
    minimal_amount numeric(9,2) NOT NULL,
    created_by_id integer NOT NULL,
    CONSTRAINT bulk_creation_quantity_check CHECK ((quantity >= 0))
);


ALTER TABLE content.bulk_creation OWNER TO graduate;

--
-- TOC entry 237 (class 1259 OID 17017)
-- Name: history; Type: TABLE; Schema: content; Owner: graduate
--

CREATE TABLE content.history (
    id uuid NOT NULL,
    created timestamp with time zone NOT NULL,
    modified timestamp with time zone NOT NULL,
    applied_user_id uuid NOT NULL,
    discount_amount numeric(9,2) NOT NULL,
    billing_info text,
    promocode_id uuid NOT NULL
);


ALTER TABLE content.history OWNER TO graduate;

--
-- TOC entry 234 (class 1259 OID 16987)
-- Name: product; Type: TABLE; Schema: content; Owner: graduate
--

CREATE TABLE content.product (
    id uuid NOT NULL,
    created timestamp with time zone NOT NULL,
    modified timestamp with time zone NOT NULL,
    name character varying(255) NOT NULL,
    description character varying(512),
    price numeric(9,2) NOT NULL
);


ALTER TABLE content.product OWNER TO graduate;

--
-- TOC entry 235 (class 1259 OID 16996)
-- Name: product_promo; Type: TABLE; Schema: content; Owner: graduate
--

CREATE TABLE content.product_promo (
    id uuid NOT NULL,
    created timestamp with time zone NOT NULL,
    modified timestamp with time zone NOT NULL,
    bulk_id uuid,
    product_id uuid NOT NULL,
    promo_code_id uuid,
    CONSTRAINT not_both_null CHECK (((promo_code_id IS NOT NULL) OR (bulk_id IS NOT NULL)))
);


ALTER TABLE content.product_promo OWNER TO graduate;

--
-- TOC entry 236 (class 1259 OID 17001)
-- Name: promo; Type: TABLE; Schema: content; Owner: graduate
--

CREATE TABLE content.promo (
    id uuid NOT NULL,
    created timestamp with time zone NOT NULL,
    modified timestamp with time zone NOT NULL,
    title character varying(255) NOT NULL,
    description text,
    code character varying(50) NOT NULL,
    start_at timestamp with time zone,
    expired timestamp with time zone,
    user_id uuid,
    activates_possible integer NOT NULL,
    activates_left integer NOT NULL,
    discount_type character varying(30) NOT NULL,
    discount_amount numeric(9,2) NOT NULL,
    minimal_amount numeric(9,2) NOT NULL,
    is_active boolean NOT NULL,
    created_by_id integer NOT NULL,
    CONSTRAINT promo_activates_left_check CHECK ((activates_left >= 0)),
    CONSTRAINT promo_activates_possible_check CHECK ((activates_possible >= 0))
);


ALTER TABLE content.promo OWNER TO graduate;

--
-- TOC entry 222 (class 1259 OID 16865)
-- Name: auth_group; Type: TABLE; Schema: public; Owner: graduate
--

CREATE TABLE public.auth_group (
    id integer NOT NULL,
    name character varying(150) NOT NULL
);


ALTER TABLE public.auth_group OWNER TO graduate;

--
-- TOC entry 221 (class 1259 OID 16864)
-- Name: auth_group_id_seq; Type: SEQUENCE; Schema: public; Owner: graduate
--

ALTER TABLE public.auth_group ALTER COLUMN id ADD GENERATED BY DEFAULT AS IDENTITY (
    SEQUENCE NAME public.auth_group_id_seq
    START WITH 1
    INCREMENT BY 1
    NO MINVALUE
    NO MAXVALUE
    CACHE 1
);


--
-- TOC entry 224 (class 1259 OID 16873)
-- Name: auth_group_permissions; Type: TABLE; Schema: public; Owner: graduate
--

CREATE TABLE public.auth_group_permissions (
    id bigint NOT NULL,
    group_id integer NOT NULL,
    permission_id integer NOT NULL
);


ALTER TABLE public.auth_group_permissions OWNER TO graduate;

--
-- TOC entry 223 (class 1259 OID 16872)
-- Name: auth_group_permissions_id_seq; Type: SEQUENCE; Schema: public; Owner: graduate
--

ALTER TABLE public.auth_group_permissions ALTER COLUMN id ADD GENERATED BY DEFAULT AS IDENTITY (
    SEQUENCE NAME public.auth_group_permissions_id_seq
    START WITH 1
    INCREMENT BY 1
    NO MINVALUE
    NO MAXVALUE
    CACHE 1
);


--
-- TOC entry 220 (class 1259 OID 16859)
-- Name: auth_permission; Type: TABLE; Schema: public; Owner: graduate
--

CREATE TABLE public.auth_permission (
    id integer NOT NULL,
    name character varying(255) NOT NULL,
    content_type_id integer NOT NULL,
    codename character varying(100) NOT NULL
);


ALTER TABLE public.auth_permission OWNER TO graduate;

--
-- TOC entry 219 (class 1259 OID 16858)
-- Name: auth_permission_id_seq; Type: SEQUENCE; Schema: public; Owner: graduate
--

ALTER TABLE public.auth_permission ALTER COLUMN id ADD GENERATED BY DEFAULT AS IDENTITY (
    SEQUENCE NAME public.auth_permission_id_seq
    START WITH 1
    INCREMENT BY 1
    NO MINVALUE
    NO MAXVALUE
    CACHE 1
);


--
-- TOC entry 226 (class 1259 OID 16879)
-- Name: auth_user; Type: TABLE; Schema: public; Owner: graduate
--

CREATE TABLE public.auth_user (
    id integer NOT NULL,
    password character varying(128) NOT NULL,
    last_login timestamp with time zone,
    is_superuser boolean NOT NULL,
    username character varying(150) NOT NULL,
    first_name character varying(150) NOT NULL,
    last_name character varying(150) NOT NULL,
    email character varying(254) NOT NULL,
    is_staff boolean NOT NULL,
    is_active boolean NOT NULL,
    date_joined timestamp with time zone NOT NULL
);


ALTER TABLE public.auth_user OWNER TO graduate;

--
-- TOC entry 228 (class 1259 OID 16887)
-- Name: auth_user_groups; Type: TABLE; Schema: public; Owner: graduate
--

CREATE TABLE public.auth_user_groups (
    id bigint NOT NULL,
    user_id integer NOT NULL,
    group_id integer NOT NULL
);


ALTER TABLE public.auth_user_groups OWNER TO graduate;

--
-- TOC entry 227 (class 1259 OID 16886)
-- Name: auth_user_groups_id_seq; Type: SEQUENCE; Schema: public; Owner: graduate
--

ALTER TABLE public.auth_user_groups ALTER COLUMN id ADD GENERATED BY DEFAULT AS IDENTITY (
    SEQUENCE NAME public.auth_user_groups_id_seq
    START WITH 1
    INCREMENT BY 1
    NO MINVALUE
    NO MAXVALUE
    CACHE 1
);


--
-- TOC entry 225 (class 1259 OID 16878)
-- Name: auth_user_id_seq; Type: SEQUENCE; Schema: public; Owner: graduate
--

ALTER TABLE public.auth_user ALTER COLUMN id ADD GENERATED BY DEFAULT AS IDENTITY (
    SEQUENCE NAME public.auth_user_id_seq
    START WITH 1
    INCREMENT BY 1
    NO MINVALUE
    NO MAXVALUE
    CACHE 1
);


--
-- TOC entry 230 (class 1259 OID 16893)
-- Name: auth_user_user_permissions; Type: TABLE; Schema: public; Owner: graduate
--

CREATE TABLE public.auth_user_user_permissions (
    id bigint NOT NULL,
    user_id integer NOT NULL,
    permission_id integer NOT NULL
);


ALTER TABLE public.auth_user_user_permissions OWNER TO graduate;

--
-- TOC entry 229 (class 1259 OID 16892)
-- Name: auth_user_user_permissions_id_seq; Type: SEQUENCE; Schema: public; Owner: graduate
--

ALTER TABLE public.auth_user_user_permissions ALTER COLUMN id ADD GENERATED BY DEFAULT AS IDENTITY (
    SEQUENCE NAME public.auth_user_user_permissions_id_seq
    START WITH 1
    INCREMENT BY 1
    NO MINVALUE
    NO MAXVALUE
    CACHE 1
);


--
-- TOC entry 232 (class 1259 OID 16951)
-- Name: django_admin_log; Type: TABLE; Schema: public; Owner: graduate
--

CREATE TABLE public.django_admin_log (
    id integer NOT NULL,
    action_time timestamp with time zone NOT NULL,
    object_id text,
    object_repr character varying(200) NOT NULL,
    action_flag smallint NOT NULL,
    change_message text NOT NULL,
    content_type_id integer,
    user_id integer NOT NULL,
    CONSTRAINT django_admin_log_action_flag_check CHECK ((action_flag >= 0))
);


ALTER TABLE public.django_admin_log OWNER TO graduate;

--
-- TOC entry 231 (class 1259 OID 16950)
-- Name: django_admin_log_id_seq; Type: SEQUENCE; Schema: public; Owner: graduate
--

ALTER TABLE public.django_admin_log ALTER COLUMN id ADD GENERATED BY DEFAULT AS IDENTITY (
    SEQUENCE NAME public.django_admin_log_id_seq
    START WITH 1
    INCREMENT BY 1
    NO MINVALUE
    NO MAXVALUE
    CACHE 1
);


--
-- TOC entry 218 (class 1259 OID 16851)
-- Name: django_content_type; Type: TABLE; Schema: public; Owner: graduate
--

CREATE TABLE public.django_content_type (
    id integer NOT NULL,
    app_label character varying(100) NOT NULL,
    model character varying(100) NOT NULL
);


ALTER TABLE public.django_content_type OWNER TO graduate;

--
-- TOC entry 217 (class 1259 OID 16850)
-- Name: django_content_type_id_seq; Type: SEQUENCE; Schema: public; Owner: graduate
--

ALTER TABLE public.django_content_type ALTER COLUMN id ADD GENERATED BY DEFAULT AS IDENTITY (
    SEQUENCE NAME public.django_content_type_id_seq
    START WITH 1
    INCREMENT BY 1
    NO MINVALUE
    NO MAXVALUE
    CACHE 1
);


--
-- TOC entry 216 (class 1259 OID 16843)
-- Name: django_migrations; Type: TABLE; Schema: public; Owner: graduate
--

CREATE TABLE public.django_migrations (
    id bigint NOT NULL,
    app character varying(255) NOT NULL,
    name character varying(255) NOT NULL,
    applied timestamp with time zone NOT NULL
);


ALTER TABLE public.django_migrations OWNER TO graduate;

--
-- TOC entry 215 (class 1259 OID 16842)
-- Name: django_migrations_id_seq; Type: SEQUENCE; Schema: public; Owner: graduate
--

ALTER TABLE public.django_migrations ALTER COLUMN id ADD GENERATED BY DEFAULT AS IDENTITY (
    SEQUENCE NAME public.django_migrations_id_seq
    START WITH 1
    INCREMENT BY 1
    NO MINVALUE
    NO MAXVALUE
    CACHE 1
);


--
-- TOC entry 238 (class 1259 OID 17062)
-- Name: django_session; Type: TABLE; Schema: public; Owner: graduate
--

CREATE TABLE public.django_session (
    session_key character varying(40) NOT NULL,
    session_data text NOT NULL,
    expire_date timestamp with time zone NOT NULL
);


ALTER TABLE public.django_session OWNER TO graduate;

--
-- TOC entry 3494 (class 0 OID 16979)
-- Dependencies: 233
-- Data for Name: bulk_creation; Type: TABLE DATA; Schema: content; Owner: graduate
--

COPY content.bulk_creation (id, created, modified, creation_done, url_download, title, description, quantity, start_at, expired, discount_type, discount_amount, minimal_amount, created_by_id) FROM stdin;
\.


--
-- TOC entry 3498 (class 0 OID 17017)
-- Dependencies: 237
-- Data for Name: history; Type: TABLE DATA; Schema: content; Owner: graduate
--

COPY content.history (id, created, modified, applied_user_id, discount_amount, billing_info, promocode_id) FROM stdin;
2c68b6a3-5514-403e-80a7-5f0ba2aba644	2023-03-14 16:21:36.38695+00	2023-03-14 16:21:36.386989+00	c734637b-5f36-419c-9466-8e18d69efbc3	120.00		c734637b-5f36-419c-9466-8e18d69efbc1
\.


--
-- TOC entry 3495 (class 0 OID 16987)
-- Dependencies: 234
-- Data for Name: product; Type: TABLE DATA; Schema: content; Owner: graduate
--

COPY content.product (id, created, modified, name, description, price) FROM stdin;
35eba153-fb3a-42c0-9d5c-7143e833bec2	2023-03-14 16:12:17.138859+00	2023-03-14 16:12:17.138905+00	Платная подписка на 6 мес	\N	1200.00
42ed425f-89fa-49e1-8038-9113dc485d85	2023-03-14 16:12:44.863112+00	2023-03-14 16:12:44.863157+00	Платная подписка на 12 мес	\N	2000.00
1d047706-ae92-4a20-8edb-f6bc8f339b82	2023-03-16 12:18:43.411979+00	2023-03-16 12:24:20.834005+00	Подписка на новинки.	Подписка на фильмы, вышедшие за последние 3 месяца.	3000.00
c5150271-0716-419c-99d5-32f0e4d88181	2023-03-16 12:23:56.150349+00	2023-03-16 12:27:44.174786+00	Платная подписка на 1 мес	\N	300.00
\.


--
-- TOC entry 3496 (class 0 OID 16996)
-- Dependencies: 235
-- Data for Name: product_promo; Type: TABLE DATA; Schema: content; Owner: graduate
--

COPY content.product_promo (id, created, modified, bulk_id, product_id, promo_code_id) FROM stdin;
a78b16d6-b274-4bb5-8482-e69a00491823	2023-03-14 16:19:40.717288+00	2023-03-14 16:19:40.717299+00	\N	35eba153-fb3a-42c0-9d5c-7143e833bec2	c734637b-5f36-419c-9466-8e18d69efbc1
\.


--
-- TOC entry 3497 (class 0 OID 17001)
-- Dependencies: 236
-- Data for Name: promo; Type: TABLE DATA; Schema: content; Owner: graduate
--

COPY content.promo (id, created, modified, title, description, code, start_at, expired, user_id, activates_possible, activates_left, discount_type, discount_amount, minimal_amount, is_active, created_by_id) FROM stdin;
c734637b-5f36-419c-9466-8e18d69efbc1	2023-03-14 16:19:40.713193+00	2023-03-14 16:19:40.713275+00	Скидка 10% на подписку 6 мес		j2nqlBFBFQ8naq15SqTQ	2023-03-14 16:19:11+00	2024-03-14 16:19:21+00	\N	100000	100000	percentage_discount	10.00	0.00	t	1
\.


--
-- TOC entry 3483 (class 0 OID 16865)
-- Dependencies: 222
-- Data for Name: auth_group; Type: TABLE DATA; Schema: public; Owner: graduate
--

COPY public.auth_group (id, name) FROM stdin;
\.


--
-- TOC entry 3485 (class 0 OID 16873)
-- Dependencies: 224
-- Data for Name: auth_group_permissions; Type: TABLE DATA; Schema: public; Owner: graduate
--

COPY public.auth_group_permissions (id, group_id, permission_id) FROM stdin;
\.


--
-- TOC entry 3481 (class 0 OID 16859)
-- Dependencies: 220
-- Data for Name: auth_permission; Type: TABLE DATA; Schema: public; Owner: graduate
--

COPY public.auth_permission (id, name, content_type_id, codename) FROM stdin;
1	Can add promo code generator	1	add_bulkpromocreate
2	Can change promo code generator	1	change_bulkpromocreate
3	Can delete promo code generator	1	delete_bulkpromocreate
4	Can view promo code generator	1	view_bulkpromocreate
5	Can add product	2	add_product
6	Can change product	2	change_product
7	Can delete product	2	delete_product
8	Can view product	2	view_product
9	Can add related product	3	add_productpromocode
10	Can change related product	3	change_productpromocode
11	Can delete related product	3	delete_productpromocode
12	Can view related product	3	view_productpromocode
13	Can add promo	4	add_promocode
14	Can change promo	4	change_promocode
15	Can delete promo	4	delete_promocode
16	Can view promo	4	view_promocode
17	Can add activation log	5	add_history
18	Can change activation log	5	change_history
19	Can delete activation log	5	delete_history
20	Can view activation log	5	view_history
21	Can add log entry	6	add_logentry
22	Can change log entry	6	change_logentry
23	Can delete log entry	6	delete_logentry
24	Can view log entry	6	view_logentry
25	Can add permission	7	add_permission
26	Can change permission	7	change_permission
27	Can delete permission	7	delete_permission
28	Can view permission	7	view_permission
29	Can add group	8	add_group
30	Can change group	8	change_group
31	Can delete group	8	delete_group
32	Can view group	8	view_group
33	Can add user	9	add_user
34	Can change user	9	change_user
35	Can delete user	9	delete_user
36	Can view user	9	view_user
37	Can add content type	10	add_contenttype
38	Can change content type	10	change_contenttype
39	Can delete content type	10	delete_contenttype
40	Can view content type	10	view_contenttype
41	Can add session	11	add_session
42	Can change session	11	change_session
43	Can delete session	11	delete_session
44	Can view session	11	view_session
\.


--
-- TOC entry 3487 (class 0 OID 16879)
-- Dependencies: 226
-- Data for Name: auth_user; Type: TABLE DATA; Schema: public; Owner: graduate
--

COPY public.auth_user (id, password, last_login, is_superuser, username, first_name, last_name, email, is_staff, is_active, date_joined) FROM stdin;
1	pbkdf2_sha256$390000$sFwjXWfI7WZIZ2zexOpyys$5Z2n04CSsaO8mnB806ZObfZgC4SGvI6LC2EZmU5RfZc=	2023-03-14 15:11:50.830074+00	t	admin				t	t	2023-03-14 15:11:33.324196+00
\.


--
-- TOC entry 3489 (class 0 OID 16887)
-- Dependencies: 228
-- Data for Name: auth_user_groups; Type: TABLE DATA; Schema: public; Owner: graduate
--

COPY public.auth_user_groups (id, user_id, group_id) FROM stdin;
\.


--
-- TOC entry 3491 (class 0 OID 16893)
-- Dependencies: 230
-- Data for Name: auth_user_user_permissions; Type: TABLE DATA; Schema: public; Owner: graduate
--

COPY public.auth_user_user_permissions (id, user_id, permission_id) FROM stdin;
\.


--
-- TOC entry 3493 (class 0 OID 16951)
-- Dependencies: 232
-- Data for Name: django_admin_log; Type: TABLE DATA; Schema: public; Owner: graduate
--

COPY public.django_admin_log (id, action_time, object_id, object_repr, action_flag, change_message, content_type_id, user_id) FROM stdin;
1	2023-03-14 16:12:17.145658+00	35eba153-fb3a-42c0-9d5c-7143e833bec2	Платная подписка на 6 мес	1	[{"added": {}}]	2	1
2	2023-03-14 16:12:44.866142+00	42ed425f-89fa-49e1-8038-9113dc485d85	Платная подписка на 12 мес	1	[{"added": {}}]	2	1
3	2023-03-14 16:19:40.722336+00	c734637b-5f36-419c-9466-8e18d69efbc1	Скидка 10% на подписку 6 мес, , c:2023-03-14 19:19:11+03:00, до:2024-03-14 19:19:21+03:00	1	[{"added": {}}, {"added": {"name": "related product", "object": "ProductPromoCode object (a78b16d6-b274-4bb5-8482-e69a00491823)"}}]	4	1
4	2023-03-14 16:21:36.390704+00	2c68b6a3-5514-403e-80a7-5f0ba2aba644	History object (2c68b6a3-5514-403e-80a7-5f0ba2aba644)	1	[{"added": {}}]	5	1
5	2023-03-16 12:18:43.414165+00	1d047706-ae92-4a20-8edb-f6bc8f339b82	Подписка на нрвинки	1	[{"added": {}}]	2	1
6	2023-03-16 12:21:31.257483+00	1d047706-ae92-4a20-8edb-f6bc8f339b82	Подписка на новинки.	2	[{"changed": {"fields": ["Product name", "Product description"]}}]	2	1
7	2023-03-16 12:23:56.152645+00	c5150271-0716-419c-99d5-32f0e4d88181	Пробная подписка на 1 мес	1	[{"added": {}}]	2	1
8	2023-03-16 12:24:20.835696+00	1d047706-ae92-4a20-8edb-f6bc8f339b82	Подписка на новинки.	2	[{"changed": {"fields": ["Product price"]}}]	2	1
9	2023-03-16 12:27:44.177579+00	c5150271-0716-419c-99d5-32f0e4d88181	Платная подписка на 1 мес	2	[{"changed": {"fields": ["Product name", "Product description", "Product price"]}}]	2	1
\.


--
-- TOC entry 3479 (class 0 OID 16851)
-- Dependencies: 218
-- Data for Name: django_content_type; Type: TABLE DATA; Schema: public; Owner: graduate
--

COPY public.django_content_type (id, app_label, model) FROM stdin;
1	promo	bulkpromocreate
2	promo	product
3	promo	productpromocode
4	promo	promocode
5	promo	history
6	admin	logentry
7	auth	permission
8	auth	group
9	auth	user
10	contenttypes	contenttype
11	sessions	session
\.


--
-- TOC entry 3477 (class 0 OID 16843)
-- Dependencies: 216
-- Data for Name: django_migrations; Type: TABLE DATA; Schema: public; Owner: graduate
--

COPY public.django_migrations (id, app, name, applied) FROM stdin;
1	contenttypes	0001_initial	2023-03-14 15:09:28.558582+00
2	auth	0001_initial	2023-03-14 15:09:28.605123+00
3	admin	0001_initial	2023-03-14 15:09:28.618674+00
4	admin	0002_logentry_remove_auto_add	2023-03-14 15:09:28.623739+00
5	admin	0003_logentry_add_action_flag_choices	2023-03-14 15:09:28.628345+00
6	contenttypes	0002_remove_content_type_name	2023-03-14 15:09:28.637123+00
7	auth	0002_alter_permission_name_max_length	2023-03-14 15:09:28.642916+00
8	auth	0003_alter_user_email_max_length	2023-03-14 15:09:28.648013+00
9	auth	0004_alter_user_username_opts	2023-03-14 15:09:28.653632+00
10	auth	0005_alter_user_last_login_null	2023-03-14 15:09:28.658768+00
11	auth	0006_require_contenttypes_0002	2023-03-14 15:09:28.660937+00
12	auth	0007_alter_validators_add_error_messages	2023-03-14 15:09:28.665813+00
13	auth	0008_alter_user_username_max_length	2023-03-14 15:09:28.673034+00
14	auth	0009_alter_user_last_name_max_length	2023-03-14 15:09:28.678081+00
15	auth	0010_alter_group_name_max_length	2023-03-14 15:09:28.683951+00
16	auth	0011_update_proxy_permissions	2023-03-14 15:09:28.68884+00
17	auth	0012_alter_user_first_name_max_length	2023-03-14 15:09:28.693933+00
18	promo	0001_initial	2023-03-14 15:09:28.762726+00
19	sessions	0001_initial	2023-03-14 15:09:28.771125+00
\.


--
-- TOC entry 3499 (class 0 OID 17062)
-- Dependencies: 238
-- Data for Name: django_session; Type: TABLE DATA; Schema: public; Owner: graduate
--

COPY public.django_session (session_key, session_data, expire_date) FROM stdin;
vv65301fi6ff1jgkplnfeiiiu4h2l9nz	.eJxVjMsOwiAQRf-FtSFIKQ-X7v0GMjMMUjWQlHZl_HfbpAvd3nPOfYsI61Li2nmOUxIXcRan3w2Bnlx3kB5Q701Sq8s8odwVedAuby3x63q4fwcFetlqQGuIFXnnkkenKekMiFkPhhVTgJwNjcEzDGDUyBsgayEYRYOy4MXnCxpbOOo:1pc6Ja:k_JGoaMoJ6E83FwWAK9zThq0uX_wODpranKAAH5L0qA	2023-03-28 15:11:50.834266+00
\.


--
-- TOC entry 3507 (class 0 OID 0)
-- Dependencies: 221
-- Name: auth_group_id_seq; Type: SEQUENCE SET; Schema: public; Owner: graduate
--

SELECT pg_catalog.setval('public.auth_group_id_seq', 1, false);


--
-- TOC entry 3508 (class 0 OID 0)
-- Dependencies: 223
-- Name: auth_group_permissions_id_seq; Type: SEQUENCE SET; Schema: public; Owner: graduate
--

SELECT pg_catalog.setval('public.auth_group_permissions_id_seq', 1, false);


--
-- TOC entry 3509 (class 0 OID 0)
-- Dependencies: 219
-- Name: auth_permission_id_seq; Type: SEQUENCE SET; Schema: public; Owner: graduate
--

SELECT pg_catalog.setval('public.auth_permission_id_seq', 44, true);


--
-- TOC entry 3510 (class 0 OID 0)
-- Dependencies: 227
-- Name: auth_user_groups_id_seq; Type: SEQUENCE SET; Schema: public; Owner: graduate
--

SELECT pg_catalog.setval('public.auth_user_groups_id_seq', 1, false);


--
-- TOC entry 3511 (class 0 OID 0)
-- Dependencies: 225
-- Name: auth_user_id_seq; Type: SEQUENCE SET; Schema: public; Owner: graduate
--

SELECT pg_catalog.setval('public.auth_user_id_seq', 1, true);


--
-- TOC entry 3512 (class 0 OID 0)
-- Dependencies: 229
-- Name: auth_user_user_permissions_id_seq; Type: SEQUENCE SET; Schema: public; Owner: graduate
--

SELECT pg_catalog.setval('public.auth_user_user_permissions_id_seq', 1, false);


--
-- TOC entry 3513 (class 0 OID 0)
-- Dependencies: 231
-- Name: django_admin_log_id_seq; Type: SEQUENCE SET; Schema: public; Owner: graduate
--

SELECT pg_catalog.setval('public.django_admin_log_id_seq', 9, true);


--
-- TOC entry 3514 (class 0 OID 0)
-- Dependencies: 217
-- Name: django_content_type_id_seq; Type: SEQUENCE SET; Schema: public; Owner: graduate
--

SELECT pg_catalog.setval('public.django_content_type_id_seq', 11, true);


--
-- TOC entry 3515 (class 0 OID 0)
-- Dependencies: 215
-- Name: django_migrations_id_seq; Type: SEQUENCE SET; Schema: public; Owner: graduate
--

SELECT pg_catalog.setval('public.django_migrations_id_seq', 19, true);


--
-- TOC entry 3298 (class 2606 OID 17027)
-- Name: product_promo UniqProductPerBulk; Type: CONSTRAINT; Schema: content; Owner: graduate
--

ALTER TABLE ONLY content.product_promo
    ADD CONSTRAINT "UniqProductPerBulk" UNIQUE (product_id, bulk_id);


--
-- TOC entry 3300 (class 2606 OID 17025)
-- Name: product_promo UniqProductPerPromo; Type: CONSTRAINT; Schema: content; Owner: graduate
--

ALTER TABLE ONLY content.product_promo
    ADD CONSTRAINT "UniqProductPerPromo" UNIQUE (product_id, promo_code_id);


--
-- TOC entry 3291 (class 2606 OID 16986)
-- Name: bulk_creation bulk_creation_pkey; Type: CONSTRAINT; Schema: content; Owner: graduate
--

ALTER TABLE ONLY content.bulk_creation
    ADD CONSTRAINT bulk_creation_pkey PRIMARY KEY (id);


--
-- TOC entry 3313 (class 2606 OID 17023)
-- Name: history history_pkey; Type: CONSTRAINT; Schema: content; Owner: graduate
--

ALTER TABLE ONLY content.history
    ADD CONSTRAINT history_pkey PRIMARY KEY (id);


--
-- TOC entry 3294 (class 2606 OID 16995)
-- Name: product product_name_key; Type: CONSTRAINT; Schema: content; Owner: graduate
--

ALTER TABLE ONLY content.product
    ADD CONSTRAINT product_name_key UNIQUE (name);


--
-- TOC entry 3296 (class 2606 OID 16993)
-- Name: product product_pkey; Type: CONSTRAINT; Schema: content; Owner: graduate
--

ALTER TABLE ONLY content.product
    ADD CONSTRAINT product_pkey PRIMARY KEY (id);


--
-- TOC entry 3303 (class 2606 OID 17000)
-- Name: product_promo product_promo_pkey; Type: CONSTRAINT; Schema: content; Owner: graduate
--

ALTER TABLE ONLY content.product_promo
    ADD CONSTRAINT product_promo_pkey PRIMARY KEY (id);


--
-- TOC entry 3308 (class 2606 OID 17011)
-- Name: promo promo_code_key; Type: CONSTRAINT; Schema: content; Owner: graduate
--

ALTER TABLE ONLY content.promo
    ADD CONSTRAINT promo_code_key UNIQUE (code);


--
-- TOC entry 3311 (class 2606 OID 17009)
-- Name: promo promo_pkey; Type: CONSTRAINT; Schema: content; Owner: graduate
--

ALTER TABLE ONLY content.promo
    ADD CONSTRAINT promo_pkey PRIMARY KEY (id);


--
-- TOC entry 3259 (class 2606 OID 16977)
-- Name: auth_group auth_group_name_key; Type: CONSTRAINT; Schema: public; Owner: graduate
--

ALTER TABLE ONLY public.auth_group
    ADD CONSTRAINT auth_group_name_key UNIQUE (name);


--
-- TOC entry 3264 (class 2606 OID 16908)
-- Name: auth_group_permissions auth_group_permissions_group_id_permission_id_0cd325b0_uniq; Type: CONSTRAINT; Schema: public; Owner: graduate
--

ALTER TABLE ONLY public.auth_group_permissions
    ADD CONSTRAINT auth_group_permissions_group_id_permission_id_0cd325b0_uniq UNIQUE (group_id, permission_id);


--
-- TOC entry 3267 (class 2606 OID 16877)
-- Name: auth_group_permissions auth_group_permissions_pkey; Type: CONSTRAINT; Schema: public; Owner: graduate
--

ALTER TABLE ONLY public.auth_group_permissions
    ADD CONSTRAINT auth_group_permissions_pkey PRIMARY KEY (id);


--
-- TOC entry 3261 (class 2606 OID 16869)
-- Name: auth_group auth_group_pkey; Type: CONSTRAINT; Schema: public; Owner: graduate
--

ALTER TABLE ONLY public.auth_group
    ADD CONSTRAINT auth_group_pkey PRIMARY KEY (id);


--
-- TOC entry 3254 (class 2606 OID 16899)
-- Name: auth_permission auth_permission_content_type_id_codename_01ab375a_uniq; Type: CONSTRAINT; Schema: public; Owner: graduate
--

ALTER TABLE ONLY public.auth_permission
    ADD CONSTRAINT auth_permission_content_type_id_codename_01ab375a_uniq UNIQUE (content_type_id, codename);


--
-- TOC entry 3256 (class 2606 OID 16863)
-- Name: auth_permission auth_permission_pkey; Type: CONSTRAINT; Schema: public; Owner: graduate
--

ALTER TABLE ONLY public.auth_permission
    ADD CONSTRAINT auth_permission_pkey PRIMARY KEY (id);


--
-- TOC entry 3275 (class 2606 OID 16891)
-- Name: auth_user_groups auth_user_groups_pkey; Type: CONSTRAINT; Schema: public; Owner: graduate
--

ALTER TABLE ONLY public.auth_user_groups
    ADD CONSTRAINT auth_user_groups_pkey PRIMARY KEY (id);


--
-- TOC entry 3278 (class 2606 OID 16923)
-- Name: auth_user_groups auth_user_groups_user_id_group_id_94350c0c_uniq; Type: CONSTRAINT; Schema: public; Owner: graduate
--

ALTER TABLE ONLY public.auth_user_groups
    ADD CONSTRAINT auth_user_groups_user_id_group_id_94350c0c_uniq UNIQUE (user_id, group_id);


--
-- TOC entry 3269 (class 2606 OID 16883)
-- Name: auth_user auth_user_pkey; Type: CONSTRAINT; Schema: public; Owner: graduate
--

ALTER TABLE ONLY public.auth_user
    ADD CONSTRAINT auth_user_pkey PRIMARY KEY (id);


--
-- TOC entry 3281 (class 2606 OID 16897)
-- Name: auth_user_user_permissions auth_user_user_permissions_pkey; Type: CONSTRAINT; Schema: public; Owner: graduate
--

ALTER TABLE ONLY public.auth_user_user_permissions
    ADD CONSTRAINT auth_user_user_permissions_pkey PRIMARY KEY (id);


--
-- TOC entry 3284 (class 2606 OID 16937)
-- Name: auth_user_user_permissions auth_user_user_permissions_user_id_permission_id_14a6b632_uniq; Type: CONSTRAINT; Schema: public; Owner: graduate
--

ALTER TABLE ONLY public.auth_user_user_permissions
    ADD CONSTRAINT auth_user_user_permissions_user_id_permission_id_14a6b632_uniq UNIQUE (user_id, permission_id);


--
-- TOC entry 3272 (class 2606 OID 16972)
-- Name: auth_user auth_user_username_key; Type: CONSTRAINT; Schema: public; Owner: graduate
--

ALTER TABLE ONLY public.auth_user
    ADD CONSTRAINT auth_user_username_key UNIQUE (username);


--
-- TOC entry 3287 (class 2606 OID 16958)
-- Name: django_admin_log django_admin_log_pkey; Type: CONSTRAINT; Schema: public; Owner: graduate
--

ALTER TABLE ONLY public.django_admin_log
    ADD CONSTRAINT django_admin_log_pkey PRIMARY KEY (id);


--
-- TOC entry 3249 (class 2606 OID 16857)
-- Name: django_content_type django_content_type_app_label_model_76bd3d3b_uniq; Type: CONSTRAINT; Schema: public; Owner: graduate
--

ALTER TABLE ONLY public.django_content_type
    ADD CONSTRAINT django_content_type_app_label_model_76bd3d3b_uniq UNIQUE (app_label, model);


--
-- TOC entry 3251 (class 2606 OID 16855)
-- Name: django_content_type django_content_type_pkey; Type: CONSTRAINT; Schema: public; Owner: graduate
--

ALTER TABLE ONLY public.django_content_type
    ADD CONSTRAINT django_content_type_pkey PRIMARY KEY (id);


--
-- TOC entry 3247 (class 2606 OID 16849)
-- Name: django_migrations django_migrations_pkey; Type: CONSTRAINT; Schema: public; Owner: graduate
--

ALTER TABLE ONLY public.django_migrations
    ADD CONSTRAINT django_migrations_pkey PRIMARY KEY (id);


--
-- TOC entry 3317 (class 2606 OID 17068)
-- Name: django_session django_session_pkey; Type: CONSTRAINT; Schema: public; Owner: graduate
--

ALTER TABLE ONLY public.django_session
    ADD CONSTRAINT django_session_pkey PRIMARY KEY (session_key);


--
-- TOC entry 3289 (class 1259 OID 17034)
-- Name: bulk_creation_created_by_id_e0f438ee; Type: INDEX; Schema: content; Owner: graduate
--

CREATE INDEX bulk_creation_created_by_id_e0f438ee ON content.bulk_creation USING btree (created_by_id);


--
-- TOC entry 3314 (class 1259 OID 17061)
-- Name: history_promocode_id_c233b543; Type: INDEX; Schema: content; Owner: graduate
--

CREATE INDEX history_promocode_id_c233b543 ON content.history USING btree (promocode_id);


--
-- TOC entry 3292 (class 1259 OID 17035)
-- Name: product_name_af48c283_like; Type: INDEX; Schema: content; Owner: graduate
--

CREATE INDEX product_name_af48c283_like ON content.product USING btree (name varchar_pattern_ops);


--
-- TOC entry 3301 (class 1259 OID 17046)
-- Name: product_promo_bulk_id_14a45a0a; Type: INDEX; Schema: content; Owner: graduate
--

CREATE INDEX product_promo_bulk_id_14a45a0a ON content.product_promo USING btree (bulk_id);


--
-- TOC entry 3304 (class 1259 OID 17047)
-- Name: product_promo_product_id_d5dd9a01; Type: INDEX; Schema: content; Owner: graduate
--

CREATE INDEX product_promo_product_id_d5dd9a01 ON content.product_promo USING btree (product_id);


--
-- TOC entry 3305 (class 1259 OID 17055)
-- Name: product_promo_promo_code_id_fb3ca9f4; Type: INDEX; Schema: content; Owner: graduate
--

CREATE INDEX product_promo_promo_code_id_fb3ca9f4 ON content.product_promo USING btree (promo_code_id);


--
-- TOC entry 3306 (class 1259 OID 17053)
-- Name: promo_code_44cf0f7a_like; Type: INDEX; Schema: content; Owner: graduate
--

CREATE INDEX promo_code_44cf0f7a_like ON content.promo USING btree (code varchar_pattern_ops);


--
-- TOC entry 3309 (class 1259 OID 17054)
-- Name: promo_created_by_id_3e5a7900; Type: INDEX; Schema: content; Owner: graduate
--

CREATE INDEX promo_created_by_id_3e5a7900 ON content.promo USING btree (created_by_id);


--
-- TOC entry 3257 (class 1259 OID 16978)
-- Name: auth_group_name_a6ea08ec_like; Type: INDEX; Schema: public; Owner: graduate
--

CREATE INDEX auth_group_name_a6ea08ec_like ON public.auth_group USING btree (name varchar_pattern_ops);


--
-- TOC entry 3262 (class 1259 OID 16919)
-- Name: auth_group_permissions_group_id_b120cbf9; Type: INDEX; Schema: public; Owner: graduate
--

CREATE INDEX auth_group_permissions_group_id_b120cbf9 ON public.auth_group_permissions USING btree (group_id);


--
-- TOC entry 3265 (class 1259 OID 16920)
-- Name: auth_group_permissions_permission_id_84c5c92e; Type: INDEX; Schema: public; Owner: graduate
--

CREATE INDEX auth_group_permissions_permission_id_84c5c92e ON public.auth_group_permissions USING btree (permission_id);


--
-- TOC entry 3252 (class 1259 OID 16905)
-- Name: auth_permission_content_type_id_2f476e4b; Type: INDEX; Schema: public; Owner: graduate
--

CREATE INDEX auth_permission_content_type_id_2f476e4b ON public.auth_permission USING btree (content_type_id);


--
-- TOC entry 3273 (class 1259 OID 16935)
-- Name: auth_user_groups_group_id_97559544; Type: INDEX; Schema: public; Owner: graduate
--

CREATE INDEX auth_user_groups_group_id_97559544 ON public.auth_user_groups USING btree (group_id);


--
-- TOC entry 3276 (class 1259 OID 16934)
-- Name: auth_user_groups_user_id_6a12ed8b; Type: INDEX; Schema: public; Owner: graduate
--

CREATE INDEX auth_user_groups_user_id_6a12ed8b ON public.auth_user_groups USING btree (user_id);


--
-- TOC entry 3279 (class 1259 OID 16949)
-- Name: auth_user_user_permissions_permission_id_1fbb5f2c; Type: INDEX; Schema: public; Owner: graduate
--

CREATE INDEX auth_user_user_permissions_permission_id_1fbb5f2c ON public.auth_user_user_permissions USING btree (permission_id);


--
-- TOC entry 3282 (class 1259 OID 16948)
-- Name: auth_user_user_permissions_user_id_a95ead1b; Type: INDEX; Schema: public; Owner: graduate
--

CREATE INDEX auth_user_user_permissions_user_id_a95ead1b ON public.auth_user_user_permissions USING btree (user_id);


--
-- TOC entry 3270 (class 1259 OID 16973)
-- Name: auth_user_username_6821ab7c_like; Type: INDEX; Schema: public; Owner: graduate
--

CREATE INDEX auth_user_username_6821ab7c_like ON public.auth_user USING btree (username varchar_pattern_ops);


--
-- TOC entry 3285 (class 1259 OID 16969)
-- Name: django_admin_log_content_type_id_c4bce8eb; Type: INDEX; Schema: public; Owner: graduate
--

CREATE INDEX django_admin_log_content_type_id_c4bce8eb ON public.django_admin_log USING btree (content_type_id);


--
-- TOC entry 3288 (class 1259 OID 16970)
-- Name: django_admin_log_user_id_c564eba6; Type: INDEX; Schema: public; Owner: graduate
--

CREATE INDEX django_admin_log_user_id_c564eba6 ON public.django_admin_log USING btree (user_id);


--
-- TOC entry 3315 (class 1259 OID 17070)
-- Name: django_session_expire_date_a5c62663; Type: INDEX; Schema: public; Owner: graduate
--

CREATE INDEX django_session_expire_date_a5c62663 ON public.django_session USING btree (expire_date);


--
-- TOC entry 3318 (class 1259 OID 17069)
-- Name: django_session_session_key_c0390e0f_like; Type: INDEX; Schema: public; Owner: graduate
--

CREATE INDEX django_session_session_key_c0390e0f_like ON public.django_session USING btree (session_key varchar_pattern_ops);


--
-- TOC entry 3328 (class 2606 OID 17029)
-- Name: bulk_creation bulk_creation_created_by_id_e0f438ee_fk_auth_user_id; Type: FK CONSTRAINT; Schema: content; Owner: graduate
--

ALTER TABLE ONLY content.bulk_creation
    ADD CONSTRAINT bulk_creation_created_by_id_e0f438ee_fk_auth_user_id FOREIGN KEY (created_by_id) REFERENCES public.auth_user(id) DEFERRABLE INITIALLY DEFERRED;


--
-- TOC entry 3333 (class 2606 OID 17056)
-- Name: history history_promocode_id_c233b543_fk_promo_id; Type: FK CONSTRAINT; Schema: content; Owner: graduate
--

ALTER TABLE ONLY content.history
    ADD CONSTRAINT history_promocode_id_c233b543_fk_promo_id FOREIGN KEY (promocode_id) REFERENCES content.promo(id) DEFERRABLE INITIALLY DEFERRED;


--
-- TOC entry 3329 (class 2606 OID 17036)
-- Name: product_promo product_promo_bulk_id_14a45a0a_fk_bulk_creation_id; Type: FK CONSTRAINT; Schema: content; Owner: graduate
--

ALTER TABLE ONLY content.product_promo
    ADD CONSTRAINT product_promo_bulk_id_14a45a0a_fk_bulk_creation_id FOREIGN KEY (bulk_id) REFERENCES content.bulk_creation(id) DEFERRABLE INITIALLY DEFERRED;


--
-- TOC entry 3330 (class 2606 OID 17041)
-- Name: product_promo product_promo_product_id_d5dd9a01_fk_product_id; Type: FK CONSTRAINT; Schema: content; Owner: graduate
--

ALTER TABLE ONLY content.product_promo
    ADD CONSTRAINT product_promo_product_id_d5dd9a01_fk_product_id FOREIGN KEY (product_id) REFERENCES content.product(id) DEFERRABLE INITIALLY DEFERRED;


--
-- TOC entry 3331 (class 2606 OID 17012)
-- Name: product_promo product_promo_promo_code_id_fb3ca9f4_fk_promo_id; Type: FK CONSTRAINT; Schema: content; Owner: graduate
--

ALTER TABLE ONLY content.product_promo
    ADD CONSTRAINT product_promo_promo_code_id_fb3ca9f4_fk_promo_id FOREIGN KEY (promo_code_id) REFERENCES content.promo(id) DEFERRABLE INITIALLY DEFERRED;


--
-- TOC entry 3332 (class 2606 OID 17048)
-- Name: promo promo_created_by_id_3e5a7900_fk_auth_user_id; Type: FK CONSTRAINT; Schema: content; Owner: graduate
--

ALTER TABLE ONLY content.promo
    ADD CONSTRAINT promo_created_by_id_3e5a7900_fk_auth_user_id FOREIGN KEY (created_by_id) REFERENCES public.auth_user(id) DEFERRABLE INITIALLY DEFERRED;


--
-- TOC entry 3320 (class 2606 OID 16914)
-- Name: auth_group_permissions auth_group_permissio_permission_id_84c5c92e_fk_auth_perm; Type: FK CONSTRAINT; Schema: public; Owner: graduate
--

ALTER TABLE ONLY public.auth_group_permissions
    ADD CONSTRAINT auth_group_permissio_permission_id_84c5c92e_fk_auth_perm FOREIGN KEY (permission_id) REFERENCES public.auth_permission(id) DEFERRABLE INITIALLY DEFERRED;


--
-- TOC entry 3321 (class 2606 OID 16909)
-- Name: auth_group_permissions auth_group_permissions_group_id_b120cbf9_fk_auth_group_id; Type: FK CONSTRAINT; Schema: public; Owner: graduate
--

ALTER TABLE ONLY public.auth_group_permissions
    ADD CONSTRAINT auth_group_permissions_group_id_b120cbf9_fk_auth_group_id FOREIGN KEY (group_id) REFERENCES public.auth_group(id) DEFERRABLE INITIALLY DEFERRED;


--
-- TOC entry 3319 (class 2606 OID 16900)
-- Name: auth_permission auth_permission_content_type_id_2f476e4b_fk_django_co; Type: FK CONSTRAINT; Schema: public; Owner: graduate
--

ALTER TABLE ONLY public.auth_permission
    ADD CONSTRAINT auth_permission_content_type_id_2f476e4b_fk_django_co FOREIGN KEY (content_type_id) REFERENCES public.django_content_type(id) DEFERRABLE INITIALLY DEFERRED;


--
-- TOC entry 3322 (class 2606 OID 16929)
-- Name: auth_user_groups auth_user_groups_group_id_97559544_fk_auth_group_id; Type: FK CONSTRAINT; Schema: public; Owner: graduate
--

ALTER TABLE ONLY public.auth_user_groups
    ADD CONSTRAINT auth_user_groups_group_id_97559544_fk_auth_group_id FOREIGN KEY (group_id) REFERENCES public.auth_group(id) DEFERRABLE INITIALLY DEFERRED;


--
-- TOC entry 3323 (class 2606 OID 16924)
-- Name: auth_user_groups auth_user_groups_user_id_6a12ed8b_fk_auth_user_id; Type: FK CONSTRAINT; Schema: public; Owner: graduate
--

ALTER TABLE ONLY public.auth_user_groups
    ADD CONSTRAINT auth_user_groups_user_id_6a12ed8b_fk_auth_user_id FOREIGN KEY (user_id) REFERENCES public.auth_user(id) DEFERRABLE INITIALLY DEFERRED;


--
-- TOC entry 3324 (class 2606 OID 16943)
-- Name: auth_user_user_permissions auth_user_user_permi_permission_id_1fbb5f2c_fk_auth_perm; Type: FK CONSTRAINT; Schema: public; Owner: graduate
--

ALTER TABLE ONLY public.auth_user_user_permissions
    ADD CONSTRAINT auth_user_user_permi_permission_id_1fbb5f2c_fk_auth_perm FOREIGN KEY (permission_id) REFERENCES public.auth_permission(id) DEFERRABLE INITIALLY DEFERRED;


--
-- TOC entry 3325 (class 2606 OID 16938)
-- Name: auth_user_user_permissions auth_user_user_permissions_user_id_a95ead1b_fk_auth_user_id; Type: FK CONSTRAINT; Schema: public; Owner: graduate
--

ALTER TABLE ONLY public.auth_user_user_permissions
    ADD CONSTRAINT auth_user_user_permissions_user_id_a95ead1b_fk_auth_user_id FOREIGN KEY (user_id) REFERENCES public.auth_user(id) DEFERRABLE INITIALLY DEFERRED;


--
-- TOC entry 3326 (class 2606 OID 16959)
-- Name: django_admin_log django_admin_log_content_type_id_c4bce8eb_fk_django_co; Type: FK CONSTRAINT; Schema: public; Owner: graduate
--

ALTER TABLE ONLY public.django_admin_log
    ADD CONSTRAINT django_admin_log_content_type_id_c4bce8eb_fk_django_co FOREIGN KEY (content_type_id) REFERENCES public.django_content_type(id) DEFERRABLE INITIALLY DEFERRED;


--
-- TOC entry 3327 (class 2606 OID 16964)
-- Name: django_admin_log django_admin_log_user_id_c564eba6_fk_auth_user_id; Type: FK CONSTRAINT; Schema: public; Owner: graduate
--

ALTER TABLE ONLY public.django_admin_log
    ADD CONSTRAINT django_admin_log_user_id_c564eba6_fk_auth_user_id FOREIGN KEY (user_id) REFERENCES public.auth_user(id) DEFERRABLE INITIALLY DEFERRED;


--
-- TOC entry 3506 (class 0 OID 0)
-- Dependencies: 5
-- Name: SCHEMA public; Type: ACL; Schema: -; Owner: graduate
--

REVOKE USAGE ON SCHEMA public FROM PUBLIC;


-- Completed on 2023-03-16 18:12:21 MSK

--
-- PostgreSQL database dump complete
--

